agent,total_wealth,num_cooperate,num_defect,num_abstain,opponent,rl_variant
RLAgent1,-5,3,0,0,always_defect,RL + PersonalTrust
RLAgent1,-20,3,0,0,always_defect,RL + PersonalTrust
RLAgent1,-35,3,0,0,always_defect,RL + PersonalTrust
RLAgent1,-50,3,0,0,always_defect,RL + PersonalTrust
RLAgent1,-65,3,0,0,always_defect,RL + PersonalTrust
RLAgent1,-56,3,0,0,skeptical_majority,RL + PersonalTrust
RLAgent1,-47,3,0,0,skeptical_majority,RL + PersonalTrust
RLAgent1,-38,3,0,0,skeptical_majority,RL + PersonalTrust
RLAgent1,-29,3,0,0,skeptical_majority,RL + PersonalTrust
RLAgent1,-20,3,0,0,skeptical_majority,RL + PersonalTrust
RLAgent1,-11,3,0,0,nice_tft,RL + PersonalTrust
RLAgent1,-2,3,0,0,nice_tft,RL + PersonalTrust
RLAgent1,7,3,0,0,nice_tft,RL + PersonalTrust
RLAgent1,16,3,0,0,nice_tft,RL + PersonalTrust
RLAgent1,25,3,0,0,nice_tft,RL + PersonalTrust
RLAgent1,34,3,0,0,retaliator,RL + PersonalTrust
RLAgent1,43,3,0,0,retaliator,RL + PersonalTrust
RLAgent1,52,3,0,0,retaliator,RL + PersonalTrust
RLAgent1,61,3,0,0,retaliator,RL + PersonalTrust
RLAgent1,70,3,0,0,retaliator,RL + PersonalTrust
RLAgent1,71,3,0,0,detective,RL + PersonalTrust
RLAgent1,72,3,0,0,detective,RL + PersonalTrust
RLAgent1,73,3,0,0,detective,RL + PersonalTrust
RLAgent1,74,3,0,0,detective,RL + PersonalTrust
RLAgent1,75,3,0,0,detective,RL + PersonalTrust
RLAgent1,76,3,0,0,suspicious_probe,RL + PersonalTrust
RLAgent1,77,3,0,0,suspicious_probe,RL + PersonalTrust
RLAgent1,78,3,0,0,suspicious_probe,RL + PersonalTrust
RLAgent1,79,3,0,0,suspicious_probe,RL + PersonalTrust
RLAgent1,80,3,0,0,suspicious_probe,RL + PersonalTrust
RLAgent1,81,3,0,0,random_tit_for_tat,RL + PersonalTrust
RLAgent1,82,3,0,0,random_tit_for_tat,RL + PersonalTrust
RLAgent1,83,3,0,0,random_tit_for_tat,RL + PersonalTrust
RLAgent1,84,3,0,0,random_tit_for_tat,RL + PersonalTrust
RLAgent1,85,3,0,0,random_tit_for_tat,RL + PersonalTrust
RLAgent1,94,3,0,0,forgiving_majority,RL + PersonalTrust
RLAgent1,103,3,0,0,forgiving_majority,RL + PersonalTrust
RLAgent1,112,3,0,0,forgiving_majority,RL + PersonalTrust
RLAgent1,121,3,0,0,forgiving_majority,RL + PersonalTrust
RLAgent1,130,3,0,0,forgiving_majority,RL + PersonalTrust
RLAgent1,131,3,0,0,fake_forgiver,RL + PersonalTrust
RLAgent1,132,3,0,0,fake_forgiver,RL + PersonalTrust
RLAgent1,133,3,0,0,fake_forgiver,RL + PersonalTrust
RLAgent1,134,3,0,0,fake_forgiver,RL + PersonalTrust
RLAgent1,135,3,0,0,fake_forgiver,RL + PersonalTrust
RLAgent1,144,3,0,0,cautious_trend,RL + PersonalTrust
RLAgent1,153,3,0,0,cautious_trend,RL + PersonalTrust
RLAgent1,162,3,0,0,cautious_trend,RL + PersonalTrust
RLAgent1,171,3,0,0,cautious_trend,RL + PersonalTrust
RLAgent1,180,3,0,0,cautious_trend,RL + PersonalTrust
RLAgent1,189,3,0,0,sometimes_cooperate,RL + PersonalTrust
RLAgent1,198,3,0,0,sometimes_cooperate,RL + PersonalTrust
RLAgent1,191,3,0,0,sometimes_cooperate,RL + PersonalTrust
RLAgent1,200,3,0,0,sometimes_cooperate,RL + PersonalTrust
RLAgent1,201,3,0,0,sometimes_cooperate,RL + PersonalTrust
RLAgent1,210,3,0,0,trend_follower,RL + PersonalTrust
RLAgent1,219,3,0,0,trend_follower,RL + PersonalTrust
RLAgent1,228,3,0,0,trend_follower,RL + PersonalTrust
RLAgent1,237,3,0,0,trend_follower,RL + PersonalTrust
RLAgent1,246,3,0,0,trend_follower,RL + PersonalTrust
RLAgent1,255,3,0,0,grudger,RL + PersonalTrust
RLAgent1,264,3,0,0,grudger,RL + PersonalTrust
RLAgent1,273,3,0,0,grudger,RL + PersonalTrust
RLAgent1,282,3,0,0,grudger,RL + PersonalTrust
RLAgent1,291,3,0,0,grudger,RL + PersonalTrust
RLAgent1,300,3,0,0,tit_for_tat,RL + PersonalTrust
RLAgent1,309,3,0,0,tit_for_tat,RL + PersonalTrust
RLAgent1,318,3,0,0,tit_for_tat,RL + PersonalTrust
RLAgent1,327,3,0,0,tit_for_tat,RL + PersonalTrust
RLAgent1,336,3,0,0,tit_for_tat,RL + PersonalTrust
RLAgent1,337,3,0,0,prober,RL + PersonalTrust
RLAgent1,338,3,0,0,prober,RL + PersonalTrust
RLAgent1,339,3,0,0,prober,RL + PersonalTrust
RLAgent1,340,3,0,0,prober,RL + PersonalTrust
RLAgent1,341,3,0,0,prober,RL + PersonalTrust
RLAgent1,350,3,0,0,slow_tit_for_tat,RL + PersonalTrust
RLAgent1,359,3,0,0,slow_tit_for_tat,RL + PersonalTrust
RLAgent1,368,3,0,0,slow_tit_for_tat,RL + PersonalTrust
RLAgent1,377,3,0,0,slow_tit_for_tat,RL + PersonalTrust
RLAgent1,386,3,0,0,slow_tit_for_tat,RL + PersonalTrust
RLAgent1,371,3,0,0,manipulator,RL + PersonalTrust
RLAgent1,356,3,0,0,manipulator,RL + PersonalTrust
RLAgent1,341,3,0,0,manipulator,RL + PersonalTrust
RLAgent1,326,3,0,0,manipulator,RL + PersonalTrust
RLAgent1,311,3,0,0,manipulator,RL + PersonalTrust
RLAgent1,312,3,0,0,anti_tft,RL + PersonalTrust
RLAgent1,313,3,0,0,anti_tft,RL + PersonalTrust
RLAgent1,314,3,0,0,anti_tft,RL + PersonalTrust
RLAgent1,315,3,0,0,anti_tft,RL + PersonalTrust
RLAgent1,316,3,0,0,anti_tft,RL + PersonalTrust
RLAgent1,325,3,0,0,grudging_tft,RL + PersonalTrust
RLAgent1,334,3,0,0,grudging_tft,RL + PersonalTrust
RLAgent1,343,3,0,0,grudging_tft,RL + PersonalTrust
RLAgent1,352,3,0,0,grudging_tft,RL + PersonalTrust
RLAgent1,361,3,0,0,grudging_tft,RL + PersonalTrust
RLAgent1,370,3,0,0,snob,RL + PersonalTrust
RLAgent1,379,3,0,0,snob,RL + PersonalTrust
RLAgent1,388,3,0,0,snob,RL + PersonalTrust
RLAgent1,397,3,0,0,snob,RL + PersonalTrust
RLAgent1,406,3,0,0,snob,RL + PersonalTrust
RLAgent1,391,3,0,0,sometimes_defect,RL + PersonalTrust
RLAgent1,384,3,0,0,sometimes_defect,RL + PersonalTrust
RLAgent1,369,3,0,0,sometimes_defect,RL + PersonalTrust
RLAgent1,354,3,0,0,sometimes_defect,RL + PersonalTrust
RLAgent1,339,3,0,0,sometimes_defect,RL + PersonalTrust
RLAgent1,348,3,0,0,grim_trigger,RL + PersonalTrust
RLAgent1,357,3,0,0,grim_trigger,RL + PersonalTrust
RLAgent1,366,3,0,0,grim_trigger,RL + PersonalTrust
RLAgent1,375,3,0,0,grim_trigger,RL + PersonalTrust
RLAgent1,384,3,0,0,grim_trigger,RL + PersonalTrust
RLAgent1,393,3,0,0,deceitful_grim,RL + PersonalTrust
RLAgent1,402,3,0,0,deceitful_grim,RL + PersonalTrust
RLAgent1,411,3,0,0,deceitful_grim,RL + PersonalTrust
RLAgent1,420,3,0,0,deceitful_grim,RL + PersonalTrust
RLAgent1,429,3,0,0,deceitful_grim,RL + PersonalTrust
RLAgent1,438,3,0,0,evolver,RL + PersonalTrust
RLAgent1,447,3,0,0,evolver,RL + PersonalTrust
RLAgent1,456,3,0,0,evolver,RL + PersonalTrust
RLAgent1,465,3,0,0,evolver,RL + PersonalTrust
RLAgent1,474,3,0,0,evolver,RL + PersonalTrust
RLAgent1,483,3,0,0,generous_tit_for_tat,RL + PersonalTrust
RLAgent1,492,3,0,0,generous_tit_for_tat,RL + PersonalTrust
RLAgent1,501,3,0,0,generous_tit_for_tat,RL + PersonalTrust
RLAgent1,510,3,0,0,generous_tit_for_tat,RL + PersonalTrust
RLAgent1,519,3,0,0,generous_tit_for_tat,RL + PersonalTrust
RLAgent1,528,3,0,0,cooperative_majority,RL + PersonalTrust
RLAgent1,537,3,0,0,cooperative_majority,RL + PersonalTrust
RLAgent1,546,3,0,0,cooperative_majority,RL + PersonalTrust
RLAgent1,555,3,0,0,cooperative_majority,RL + PersonalTrust
RLAgent1,564,3,0,0,cooperative_majority,RL + PersonalTrust
RLAgent1,565,3,0,0,harsh_majority,RL + PersonalTrust
RLAgent1,566,3,0,0,harsh_majority,RL + PersonalTrust
RLAgent1,567,3,0,0,harsh_majority,RL + PersonalTrust
RLAgent1,568,3,0,0,harsh_majority,RL + PersonalTrust
RLAgent1,569,3,0,0,harsh_majority,RL + PersonalTrust
RLAgent1,578,3,0,0,noisy_tft,RL + PersonalTrust
RLAgent1,587,3,0,0,noisy_tft,RL + PersonalTrust
RLAgent1,588,3,0,0,noisy_tft,RL + PersonalTrust
RLAgent1,597,3,0,0,noisy_tft,RL + PersonalTrust
RLAgent1,606,3,0,0,noisy_tft,RL + PersonalTrust
RLAgent1,607,3,0,0,random_agent,RL + PersonalTrust
RLAgent1,616,3,0,0,random_agent,RL + PersonalTrust
RLAgent1,617,3,0,0,random_agent,RL + PersonalTrust
RLAgent1,618,3,0,0,random_agent,RL + PersonalTrust
RLAgent1,619,3,0,0,random_agent,RL + PersonalTrust
RLAgent1,628,3,0,0,cooperative_tft,RL + PersonalTrust
RLAgent1,637,3,0,0,cooperative_tft,RL + PersonalTrust
RLAgent1,646,3,0,0,cooperative_tft,RL + PersonalTrust
RLAgent1,655,3,0,0,cooperative_tft,RL + PersonalTrust
RLAgent1,664,3,0,0,cooperative_tft,RL + PersonalTrust
RLAgent1,673,3,0,0,revenge_seeker,RL + PersonalTrust
RLAgent1,682,3,0,0,revenge_seeker,RL + PersonalTrust
RLAgent1,691,3,0,0,revenge_seeker,RL + PersonalTrust
RLAgent1,700,3,0,0,revenge_seeker,RL + PersonalTrust
RLAgent1,709,3,0,0,revenge_seeker,RL + PersonalTrust
RLAgent1,718,3,0,0,adaptive_majority,RL + PersonalTrust
RLAgent1,727,3,0,0,adaptive_majority,RL + PersonalTrust
RLAgent1,736,3,0,0,adaptive_majority,RL + PersonalTrust
RLAgent1,745,3,0,0,adaptive_majority,RL + PersonalTrust
RLAgent1,754,3,0,0,adaptive_majority,RL + PersonalTrust
RLAgent1,763,3,0,0,sneak_attack,RL + PersonalTrust
RLAgent1,772,3,0,0,sneak_attack,RL + PersonalTrust
RLAgent1,781,3,0,0,sneak_attack,RL + PersonalTrust
RLAgent1,790,3,0,0,sneak_attack,RL + PersonalTrust
RLAgent1,799,3,0,0,sneak_attack,RL + PersonalTrust
RLAgent1,808,3,0,0,forgiver,RL + PersonalTrust
RLAgent1,817,3,0,0,forgiver,RL + PersonalTrust
RLAgent1,826,3,0,0,forgiver,RL + PersonalTrust
RLAgent1,835,3,0,0,forgiver,RL + PersonalTrust
RLAgent1,844,3,0,0,forgiver,RL + PersonalTrust
RLAgent1,829,3,0,0,invasive_probe,RL + PersonalTrust
RLAgent1,814,3,0,0,invasive_probe,RL + PersonalTrust
RLAgent1,799,3,0,0,invasive_probe,RL + PersonalTrust
RLAgent1,784,3,0,0,invasive_probe,RL + PersonalTrust
RLAgent1,769,3,0,0,invasive_probe,RL + PersonalTrust
RLAgent1,778,3,0,0,stochastic_grudger,RL + PersonalTrust
RLAgent1,787,3,0,0,stochastic_grudger,RL + PersonalTrust
RLAgent1,796,3,0,0,stochastic_grudger,RL + PersonalTrust
RLAgent1,805,3,0,0,stochastic_grudger,RL + PersonalTrust
RLAgent1,814,3,0,0,stochastic_grudger,RL + PersonalTrust
RLAgent1,823,3,0,0,double_agent,RL + PersonalTrust
RLAgent1,832,3,0,0,double_agent,RL + PersonalTrust
RLAgent1,841,3,0,0,double_agent,RL + PersonalTrust
RLAgent1,850,3,0,0,double_agent,RL + PersonalTrust
RLAgent1,859,3,0,0,double_agent,RL + PersonalTrust
RLAgent1,868,3,0,0,flexible_grudger,RL + PersonalTrust
RLAgent1,877,3,0,0,flexible_grudger,RL + PersonalTrust
RLAgent1,886,3,0,0,flexible_grudger,RL + PersonalTrust
RLAgent1,895,3,0,0,flexible_grudger,RL + PersonalTrust
RLAgent1,904,3,0,0,flexible_grudger,RL + PersonalTrust
RLAgent1,913,3,0,0,persistent_tft,RL + PersonalTrust
RLAgent1,922,3,0,0,persistent_tft,RL + PersonalTrust
RLAgent1,931,3,0,0,persistent_tft,RL + PersonalTrust
RLAgent1,940,3,0,0,persistent_tft,RL + PersonalTrust
RLAgent1,949,3,0,0,persistent_tft,RL + PersonalTrust
RLAgent1,958,3,0,0,hard_majority,RL + PersonalTrust
RLAgent1,967,3,0,0,hard_majority,RL + PersonalTrust
RLAgent1,976,3,0,0,hard_majority,RL + PersonalTrust
RLAgent1,985,3,0,0,hard_majority,RL + PersonalTrust
RLAgent1,994,3,0,0,hard_majority,RL + PersonalTrust
RLAgent1,1003,3,0,0,win_stay_lose_shift,RL + PersonalTrust
RLAgent1,1012,3,0,0,win_stay_lose_shift,RL + PersonalTrust
RLAgent1,1021,3,0,0,win_stay_lose_shift,RL + PersonalTrust
RLAgent1,1030,3,0,0,win_stay_lose_shift,RL + PersonalTrust
RLAgent1,1039,3,0,0,win_stay_lose_shift,RL + PersonalTrust
RLAgent1,1048,3,0,0,always_cooperate,RL + PersonalTrust
RLAgent1,1057,3,0,0,always_cooperate,RL + PersonalTrust
RLAgent1,1066,3,0,0,always_cooperate,RL + PersonalTrust
RLAgent1,1075,3,0,0,always_cooperate,RL + PersonalTrust
RLAgent1,1084,3,0,0,always_cooperate,RL + PersonalTrust
RLAgent1,1085,3,0,0,strategic_probe,RL + PersonalTrust
RLAgent1,1086,3,0,0,strategic_probe,RL + PersonalTrust
RLAgent1,1087,3,0,0,strategic_probe,RL + PersonalTrust
RLAgent1,1088,3,0,0,strategic_probe,RL + PersonalTrust
RLAgent1,1089,3,0,0,strategic_probe,RL + PersonalTrust
RLAgent1,1090,3,0,0,suspicious_tft,RL + PersonalTrust
RLAgent1,1091,3,0,0,suspicious_tft,RL + PersonalTrust
RLAgent1,1092,3,0,0,suspicious_tft,RL + PersonalTrust
RLAgent1,1093,3,0,0,suspicious_tft,RL + PersonalTrust
RLAgent1,1094,3,0,0,suspicious_tft,RL + PersonalTrust
RLAgent1,1095,3,0,0,tft_in_small_groups,RL + PersonalTrust
RLAgent1,1096,3,0,0,tft_in_small_groups,RL + PersonalTrust
RLAgent1,1097,3,0,0,tft_in_small_groups,RL + PersonalTrust
RLAgent1,1098,3,0,0,tft_in_small_groups,RL + PersonalTrust
RLAgent1,1099,3,0,0,tft_in_small_groups,RL + PersonalTrust
RLAgent1,1108,3,0,0,annoyed_probe,RL + PersonalTrust
RLAgent1,1117,3,0,0,annoyed_probe,RL + PersonalTrust
RLAgent1,1126,3,0,0,annoyed_probe,RL + PersonalTrust
RLAgent1,1135,3,0,0,annoyed_probe,RL + PersonalTrust
RLAgent1,1144,3,0,0,annoyed_probe,RL + PersonalTrust
RLAgent1,1145,3,0,0,soft_majority,RL + PersonalTrust
RLAgent1,1146,3,0,0,soft_majority,RL + PersonalTrust
RLAgent1,1147,3,0,0,soft_majority,RL + PersonalTrust
RLAgent1,1148,3,0,0,soft_majority,RL + PersonalTrust
RLAgent1,1149,3,0,0,soft_majority,RL + PersonalTrust
RLAgent1,19,3,0,0,double_agent,RL + TRAVOSTrust
RLAgent1,28,3,0,0,double_agent,RL + TRAVOSTrust
RLAgent1,37,3,0,0,double_agent,RL + TRAVOSTrust
RLAgent1,46,3,0,0,double_agent,RL + TRAVOSTrust
RLAgent1,55,3,0,0,double_agent,RL + TRAVOSTrust
RLAgent1,56,3,0,0,fake_forgiver,RL + TRAVOSTrust
RLAgent1,57,3,0,0,fake_forgiver,RL + TRAVOSTrust
RLAgent1,58,3,0,0,fake_forgiver,RL + TRAVOSTrust
RLAgent1,59,3,0,0,fake_forgiver,RL + TRAVOSTrust
RLAgent1,60,3,0,0,fake_forgiver,RL + TRAVOSTrust
RLAgent1,61,3,0,0,strategic_probe,RL + TRAVOSTrust
RLAgent1,62,3,0,0,strategic_probe,RL + TRAVOSTrust
RLAgent1,63,3,0,0,strategic_probe,RL + TRAVOSTrust
RLAgent1,64,3,0,0,strategic_probe,RL + TRAVOSTrust
RLAgent1,65,3,0,0,strategic_probe,RL + TRAVOSTrust
RLAgent1,74,3,0,0,grudger,RL + TRAVOSTrust
RLAgent1,83,3,0,0,grudger,RL + TRAVOSTrust
RLAgent1,92,3,0,0,grudger,RL + TRAVOSTrust
RLAgent1,101,3,0,0,grudger,RL + TRAVOSTrust
RLAgent1,110,3,0,0,grudger,RL + TRAVOSTrust
RLAgent1,111,3,0,0,suspicious_tft,RL + TRAVOSTrust
RLAgent1,112,3,0,0,suspicious_tft,RL + TRAVOSTrust
RLAgent1,113,3,0,0,suspicious_tft,RL + TRAVOSTrust
RLAgent1,114,3,0,0,suspicious_tft,RL + TRAVOSTrust
RLAgent1,115,3,0,0,suspicious_tft,RL + TRAVOSTrust
RLAgent1,124,3,0,0,generous_tit_for_tat,RL + TRAVOSTrust
RLAgent1,133,3,0,0,generous_tit_for_tat,RL + TRAVOSTrust
RLAgent1,142,3,0,0,generous_tit_for_tat,RL + TRAVOSTrust
RLAgent1,151,3,0,0,generous_tit_for_tat,RL + TRAVOSTrust
RLAgent1,160,3,0,0,generous_tit_for_tat,RL + TRAVOSTrust
RLAgent1,161,3,0,0,tft_in_small_groups,RL + TRAVOSTrust
RLAgent1,162,3,0,0,tft_in_small_groups,RL + TRAVOSTrust
RLAgent1,163,3,0,0,tft_in_small_groups,RL + TRAVOSTrust
RLAgent1,164,3,0,0,tft_in_small_groups,RL + TRAVOSTrust
RLAgent1,165,3,0,0,tft_in_small_groups,RL + TRAVOSTrust
RLAgent1,166,3,0,0,suspicious_probe,RL + TRAVOSTrust
RLAgent1,167,3,0,0,suspicious_probe,RL + TRAVOSTrust
RLAgent1,168,3,0,0,suspicious_probe,RL + TRAVOSTrust
RLAgent1,169,3,0,0,suspicious_probe,RL + TRAVOSTrust
RLAgent1,170,3,0,0,suspicious_probe,RL + TRAVOSTrust
RLAgent1,171,3,0,0,random_tit_for_tat,RL + TRAVOSTrust
RLAgent1,172,3,0,0,random_tit_for_tat,RL + TRAVOSTrust
RLAgent1,173,3,0,0,random_tit_for_tat,RL + TRAVOSTrust
RLAgent1,182,3,0,0,random_tit_for_tat,RL + TRAVOSTrust
RLAgent1,183,3,0,0,random_tit_for_tat,RL + TRAVOSTrust
RLAgent1,192,3,0,0,evolver,RL + TRAVOSTrust
RLAgent1,201,3,0,0,evolver,RL + TRAVOSTrust
RLAgent1,210,3,0,0,evolver,RL + TRAVOSTrust
RLAgent1,219,3,0,0,evolver,RL + TRAVOSTrust
RLAgent1,228,3,0,0,evolver,RL + TRAVOSTrust
RLAgent1,237,3,0,0,slow_tit_for_tat,RL + TRAVOSTrust
RLAgent1,246,3,0,0,slow_tit_for_tat,RL + TRAVOSTrust
RLAgent1,255,3,0,0,slow_tit_for_tat,RL + TRAVOSTrust
RLAgent1,264,3,0,0,slow_tit_for_tat,RL + TRAVOSTrust
RLAgent1,273,3,0,0,slow_tit_for_tat,RL + TRAVOSTrust
RLAgent1,282,3,0,0,sometimes_cooperate,RL + TRAVOSTrust
RLAgent1,275,3,0,0,sometimes_cooperate,RL + TRAVOSTrust
RLAgent1,284,3,0,0,sometimes_cooperate,RL + TRAVOSTrust
RLAgent1,285,3,0,0,sometimes_cooperate,RL + TRAVOSTrust
RLAgent1,294,3,0,0,sometimes_cooperate,RL + TRAVOSTrust
RLAgent1,295,3,0,0,prober,RL + TRAVOSTrust
RLAgent1,296,3,0,0,prober,RL + TRAVOSTrust
RLAgent1,297,3,0,0,prober,RL + TRAVOSTrust
RLAgent1,298,3,0,0,prober,RL + TRAVOSTrust
RLAgent1,299,3,0,0,prober,RL + TRAVOSTrust
RLAgent1,308,3,0,0,skeptical_majority,RL + TRAVOSTrust
RLAgent1,317,3,0,0,skeptical_majority,RL + TRAVOSTrust
RLAgent1,326,3,0,0,skeptical_majority,RL + TRAVOSTrust
RLAgent1,335,3,0,0,skeptical_majority,RL + TRAVOSTrust
RLAgent1,344,3,0,0,skeptical_majority,RL + TRAVOSTrust
RLAgent1,353,3,0,0,trend_follower,RL + TRAVOSTrust
RLAgent1,362,3,0,0,trend_follower,RL + TRAVOSTrust
RLAgent1,371,3,0,0,trend_follower,RL + TRAVOSTrust
RLAgent1,380,3,0,0,trend_follower,RL + TRAVOSTrust
RLAgent1,389,3,0,0,trend_follower,RL + TRAVOSTrust
RLAgent1,374,3,0,0,invasive_probe,RL + TRAVOSTrust
RLAgent1,359,3,0,0,invasive_probe,RL + TRAVOSTrust
RLAgent1,344,3,0,0,invasive_probe,RL + TRAVOSTrust
RLAgent1,329,3,0,0,invasive_probe,RL + TRAVOSTrust
RLAgent1,314,3,0,0,invasive_probe,RL + TRAVOSTrust
RLAgent1,323,3,0,0,win_stay_lose_shift,RL + TRAVOSTrust
RLAgent1,332,3,0,0,win_stay_lose_shift,RL + TRAVOSTrust
RLAgent1,341,3,0,0,win_stay_lose_shift,RL + TRAVOSTrust
RLAgent1,350,3,0,0,win_stay_lose_shift,RL + TRAVOSTrust
RLAgent1,359,3,0,0,win_stay_lose_shift,RL + TRAVOSTrust
RLAgent1,368,3,0,0,flexible_grudger,RL + TRAVOSTrust
RLAgent1,377,3,0,0,flexible_grudger,RL + TRAVOSTrust
RLAgent1,386,3,0,0,flexible_grudger,RL + TRAVOSTrust
RLAgent1,395,3,0,0,flexible_grudger,RL + TRAVOSTrust
RLAgent1,404,3,0,0,flexible_grudger,RL + TRAVOSTrust
RLAgent1,413,3,0,0,grudging_tft,RL + TRAVOSTrust
RLAgent1,422,3,0,0,grudging_tft,RL + TRAVOSTrust
RLAgent1,431,3,0,0,grudging_tft,RL + TRAVOSTrust
RLAgent1,440,3,0,0,grudging_tft,RL + TRAVOSTrust
RLAgent1,449,3,0,0,grudging_tft,RL + TRAVOSTrust
RLAgent1,458,3,0,0,annoyed_probe,RL + TRAVOSTrust
RLAgent1,467,3,0,0,annoyed_probe,RL + TRAVOSTrust
RLAgent1,476,3,0,0,annoyed_probe,RL + TRAVOSTrust
RLAgent1,485,3,0,0,annoyed_probe,RL + TRAVOSTrust
RLAgent1,494,3,0,0,annoyed_probe,RL + TRAVOSTrust
RLAgent1,503,3,0,0,nice_tft,RL + TRAVOSTrust
RLAgent1,512,3,0,0,nice_tft,RL + TRAVOSTrust
RLAgent1,521,3,0,0,nice_tft,RL + TRAVOSTrust
RLAgent1,530,3,0,0,nice_tft,RL + TRAVOSTrust
RLAgent1,539,3,0,0,nice_tft,RL + TRAVOSTrust
RLAgent1,540,3,0,0,soft_majority,RL + TRAVOSTrust
RLAgent1,541,3,0,0,soft_majority,RL + TRAVOSTrust
RLAgent1,542,3,0,0,soft_majority,RL + TRAVOSTrust
RLAgent1,543,3,0,0,soft_majority,RL + TRAVOSTrust
RLAgent1,544,3,0,0,soft_majority,RL + TRAVOSTrust
RLAgent1,553,3,0,0,noisy_tft,RL + TRAVOSTrust
RLAgent1,562,3,0,0,noisy_tft,RL + TRAVOSTrust
RLAgent1,571,3,0,0,noisy_tft,RL + TRAVOSTrust
RLAgent1,580,3,0,0,noisy_tft,RL + TRAVOSTrust
RLAgent1,589,3,0,0,noisy_tft,RL + TRAVOSTrust
RLAgent1,598,3,0,0,snob,RL + TRAVOSTrust
RLAgent1,607,3,0,0,snob,RL + TRAVOSTrust
RLAgent1,616,3,0,0,snob,RL + TRAVOSTrust
RLAgent1,625,3,0,0,snob,RL + TRAVOSTrust
RLAgent1,634,3,0,0,snob,RL + TRAVOSTrust
RLAgent1,643,3,0,0,cooperative_tft,RL + TRAVOSTrust
RLAgent1,652,3,0,0,cooperative_tft,RL + TRAVOSTrust
RLAgent1,661,3,0,0,cooperative_tft,RL + TRAVOSTrust
RLAgent1,670,3,0,0,cooperative_tft,RL + TRAVOSTrust
RLAgent1,679,3,0,0,cooperative_tft,RL + TRAVOSTrust
RLAgent1,688,3,0,0,revenge_seeker,RL + TRAVOSTrust
RLAgent1,697,3,0,0,revenge_seeker,RL + TRAVOSTrust
RLAgent1,706,3,0,0,revenge_seeker,RL + TRAVOSTrust
RLAgent1,715,3,0,0,revenge_seeker,RL + TRAVOSTrust
RLAgent1,724,3,0,0,revenge_seeker,RL + TRAVOSTrust
RLAgent1,709,3,0,0,sometimes_defect,RL + TRAVOSTrust
RLAgent1,702,3,0,0,sometimes_defect,RL + TRAVOSTrust
RLAgent1,695,3,0,0,sometimes_defect,RL + TRAVOSTrust
RLAgent1,696,3,0,0,sometimes_defect,RL + TRAVOSTrust
RLAgent1,697,3,0,0,sometimes_defect,RL + TRAVOSTrust
RLAgent1,706,3,0,0,sneak_attack,RL + TRAVOSTrust
RLAgent1,715,3,0,0,sneak_attack,RL + TRAVOSTrust
RLAgent1,724,3,0,0,sneak_attack,RL + TRAVOSTrust
RLAgent1,733,3,0,0,sneak_attack,RL + TRAVOSTrust
RLAgent1,742,3,0,0,sneak_attack,RL + TRAVOSTrust
RLAgent1,751,3,0,0,grim_trigger,RL + TRAVOSTrust
RLAgent1,760,3,0,0,grim_trigger,RL + TRAVOSTrust
RLAgent1,769,3,0,0,grim_trigger,RL + TRAVOSTrust
RLAgent1,778,3,0,0,grim_trigger,RL + TRAVOSTrust
RLAgent1,787,3,0,0,grim_trigger,RL + TRAVOSTrust
RLAgent1,796,3,0,0,random_agent,RL + TRAVOSTrust
RLAgent1,797,3,0,0,random_agent,RL + TRAVOSTrust
RLAgent1,790,3,0,0,random_agent,RL + TRAVOSTrust
RLAgent1,783,3,0,0,random_agent,RL + TRAVOSTrust
RLAgent1,768,3,0,0,random_agent,RL + TRAVOSTrust
RLAgent1,769,3,0,0,detective,RL + TRAVOSTrust
RLAgent1,770,3,0,0,detective,RL + TRAVOSTrust
RLAgent1,771,3,0,0,detective,RL + TRAVOSTrust
RLAgent1,772,3,0,0,detective,RL + TRAVOSTrust
RLAgent1,773,3,0,0,detective,RL + TRAVOSTrust
RLAgent1,782,3,0,0,deceitful_grim,RL + TRAVOSTrust
RLAgent1,791,3,0,0,deceitful_grim,RL + TRAVOSTrust
RLAgent1,800,3,0,0,deceitful_grim,RL + TRAVOSTrust
RLAgent1,809,3,0,0,deceitful_grim,RL + TRAVOSTrust
RLAgent1,818,3,0,0,deceitful_grim,RL + TRAVOSTrust
RLAgent1,827,3,0,0,persistent_tft,RL + TRAVOSTrust
RLAgent1,836,3,0,0,persistent_tft,RL + TRAVOSTrust
RLAgent1,845,3,0,0,persistent_tft,RL + TRAVOSTrust
RLAgent1,854,3,0,0,persistent_tft,RL + TRAVOSTrust
RLAgent1,863,3,0,0,persistent_tft,RL + TRAVOSTrust
RLAgent1,872,3,0,0,hard_majority,RL + TRAVOSTrust
RLAgent1,881,3,0,0,hard_majority,RL + TRAVOSTrust
RLAgent1,890,3,0,0,hard_majority,RL + TRAVOSTrust
RLAgent1,899,3,0,0,hard_majority,RL + TRAVOSTrust
RLAgent1,908,3,0,0,hard_majority,RL + TRAVOSTrust
RLAgent1,909,3,0,0,harsh_majority,RL + TRAVOSTrust
RLAgent1,910,3,0,0,harsh_majority,RL + TRAVOSTrust
RLAgent1,911,3,0,0,harsh_majority,RL + TRAVOSTrust
RLAgent1,912,3,0,0,harsh_majority,RL + TRAVOSTrust
RLAgent1,913,3,0,0,harsh_majority,RL + TRAVOSTrust
RLAgent1,922,3,0,0,cooperative_majority,RL + TRAVOSTrust
RLAgent1,931,3,0,0,cooperative_majority,RL + TRAVOSTrust
RLAgent1,940,3,0,0,cooperative_majority,RL + TRAVOSTrust
RLAgent1,949,3,0,0,cooperative_majority,RL + TRAVOSTrust
RLAgent1,958,3,0,0,cooperative_majority,RL + TRAVOSTrust
RLAgent1,967,3,0,0,adaptive_majority,RL + TRAVOSTrust
RLAgent1,976,3,0,0,adaptive_majority,RL + TRAVOSTrust
RLAgent1,985,3,0,0,adaptive_majority,RL + TRAVOSTrust
RLAgent1,994,3,0,0,adaptive_majority,RL + TRAVOSTrust
RLAgent1,1003,3,0,0,adaptive_majority,RL + TRAVOSTrust
RLAgent1,1012,3,0,0,stochastic_grudger,RL + TRAVOSTrust
RLAgent1,1021,3,0,0,stochastic_grudger,RL + TRAVOSTrust
RLAgent1,1030,3,0,0,stochastic_grudger,RL + TRAVOSTrust
RLAgent1,1039,3,0,0,stochastic_grudger,RL + TRAVOSTrust
RLAgent1,1048,3,0,0,stochastic_grudger,RL + TRAVOSTrust
RLAgent1,1033,3,0,0,manipulator,RL + TRAVOSTrust
RLAgent1,1018,3,0,0,manipulator,RL + TRAVOSTrust
RLAgent1,1003,3,0,0,manipulator,RL + TRAVOSTrust
RLAgent1,988,3,0,0,manipulator,RL + TRAVOSTrust
RLAgent1,973,3,0,0,manipulator,RL + TRAVOSTrust
RLAgent1,982,3,0,0,retaliator,RL + TRAVOSTrust
RLAgent1,991,3,0,0,retaliator,RL + TRAVOSTrust
RLAgent1,1000,3,0,0,retaliator,RL + TRAVOSTrust
RLAgent1,1009,3,0,0,retaliator,RL + TRAVOSTrust
RLAgent1,1018,3,0,0,retaliator,RL + TRAVOSTrust
RLAgent1,1027,3,0,0,always_cooperate,RL + TRAVOSTrust
RLAgent1,1036,3,0,0,always_cooperate,RL + TRAVOSTrust
RLAgent1,1045,3,0,0,always_cooperate,RL + TRAVOSTrust
RLAgent1,1054,3,0,0,always_cooperate,RL + TRAVOSTrust
RLAgent1,1063,3,0,0,always_cooperate,RL + TRAVOSTrust
RLAgent1,1072,3,0,0,tit_for_tat,RL + TRAVOSTrust
RLAgent1,1081,3,0,0,tit_for_tat,RL + TRAVOSTrust
RLAgent1,1090,3,0,0,tit_for_tat,RL + TRAVOSTrust
RLAgent1,1099,3,0,0,tit_for_tat,RL + TRAVOSTrust
RLAgent1,1108,3,0,0,tit_for_tat,RL + TRAVOSTrust
RLAgent1,1093,3,0,0,always_defect,RL + TRAVOSTrust
RLAgent1,1078,3,0,0,always_defect,RL + TRAVOSTrust
RLAgent1,1063,3,0,0,always_defect,RL + TRAVOSTrust
RLAgent1,1048,3,0,0,always_defect,RL + TRAVOSTrust
RLAgent1,1033,3,0,0,always_defect,RL + TRAVOSTrust
RLAgent1,1042,3,0,0,forgiver,RL + TRAVOSTrust
RLAgent1,1051,3,0,0,forgiver,RL + TRAVOSTrust
RLAgent1,1060,3,0,0,forgiver,RL + TRAVOSTrust
RLAgent1,1069,3,0,0,forgiver,RL + TRAVOSTrust
RLAgent1,1078,3,0,0,forgiver,RL + TRAVOSTrust
RLAgent1,1087,3,0,0,forgiving_majority,RL + TRAVOSTrust
RLAgent1,1096,3,0,0,forgiving_majority,RL + TRAVOSTrust
RLAgent1,1105,3,0,0,forgiving_majority,RL + TRAVOSTrust
RLAgent1,1114,3,0,0,forgiving_majority,RL + TRAVOSTrust
RLAgent1,1123,3,0,0,forgiving_majority,RL + TRAVOSTrust
RLAgent1,1124,3,0,0,anti_tft,RL + TRAVOSTrust
RLAgent1,1125,3,0,0,anti_tft,RL + TRAVOSTrust
RLAgent1,1126,3,0,0,anti_tft,RL + TRAVOSTrust
RLAgent1,1127,3,0,0,anti_tft,RL + TRAVOSTrust
RLAgent1,1128,3,0,0,anti_tft,RL + TRAVOSTrust
RLAgent1,1137,3,0,0,cautious_trend,RL + TRAVOSTrust
RLAgent1,1146,3,0,0,cautious_trend,RL + TRAVOSTrust
RLAgent1,1155,3,0,0,cautious_trend,RL + TRAVOSTrust
RLAgent1,1164,3,0,0,cautious_trend,RL + TRAVOSTrust
RLAgent1,1173,3,0,0,cautious_trend,RL + TRAVOSTrust
RLAgent1,19,3,0,0,sneak_attack,RL + HearsayTrust
RLAgent1,28,3,0,0,sneak_attack,RL + HearsayTrust
RLAgent1,37,3,0,0,sneak_attack,RL + HearsayTrust
RLAgent1,46,3,0,0,sneak_attack,RL + HearsayTrust
RLAgent1,55,3,0,0,sneak_attack,RL + HearsayTrust
RLAgent1,56,3,0,0,sometimes_cooperate,RL + HearsayTrust
RLAgent1,65,3,0,0,sometimes_cooperate,RL + HearsayTrust
RLAgent1,66,3,0,0,sometimes_cooperate,RL + HearsayTrust
RLAgent1,67,3,0,0,sometimes_cooperate,RL + HearsayTrust
RLAgent1,68,3,0,0,sometimes_cooperate,RL + HearsayTrust
RLAgent1,69,3,0,0,anti_tft,RL + HearsayTrust
RLAgent1,70,3,0,0,anti_tft,RL + HearsayTrust
RLAgent1,71,3,0,0,anti_tft,RL + HearsayTrust
RLAgent1,72,3,0,0,anti_tft,RL + HearsayTrust
RLAgent1,73,3,0,0,anti_tft,RL + HearsayTrust
RLAgent1,58,3,0,0,invasive_probe,RL + HearsayTrust
RLAgent1,43,3,0,0,invasive_probe,RL + HearsayTrust
RLAgent1,28,3,0,0,invasive_probe,RL + HearsayTrust
RLAgent1,13,3,0,0,invasive_probe,RL + HearsayTrust
RLAgent1,-2,3,0,0,invasive_probe,RL + HearsayTrust
RLAgent1,7,3,0,0,grim_trigger,RL + HearsayTrust
RLAgent1,16,3,0,0,grim_trigger,RL + HearsayTrust
RLAgent1,25,3,0,0,grim_trigger,RL + HearsayTrust
RLAgent1,34,3,0,0,grim_trigger,RL + HearsayTrust
RLAgent1,43,3,0,0,grim_trigger,RL + HearsayTrust
RLAgent1,52,3,0,0,snob,RL + HearsayTrust
RLAgent1,61,3,0,0,snob,RL + HearsayTrust
RLAgent1,70,3,0,0,snob,RL + HearsayTrust
RLAgent1,79,3,0,0,snob,RL + HearsayTrust
RLAgent1,88,3,0,0,snob,RL + HearsayTrust
RLAgent1,97,3,0,0,evolver,RL + HearsayTrust
RLAgent1,106,3,0,0,evolver,RL + HearsayTrust
RLAgent1,115,3,0,0,evolver,RL + HearsayTrust
RLAgent1,124,3,0,0,evolver,RL + HearsayTrust
RLAgent1,133,3,0,0,evolver,RL + HearsayTrust
RLAgent1,134,3,0,0,tft_in_small_groups,RL + HearsayTrust
RLAgent1,135,3,0,0,tft_in_small_groups,RL + HearsayTrust
RLAgent1,136,3,0,0,tft_in_small_groups,RL + HearsayTrust
RLAgent1,137,3,0,0,tft_in_small_groups,RL + HearsayTrust
RLAgent1,138,3,0,0,tft_in_small_groups,RL + HearsayTrust
RLAgent1,147,3,0,0,slow_tit_for_tat,RL + HearsayTrust
RLAgent1,156,3,0,0,slow_tit_for_tat,RL + HearsayTrust
RLAgent1,165,3,0,0,slow_tit_for_tat,RL + HearsayTrust
RLAgent1,174,3,0,0,slow_tit_for_tat,RL + HearsayTrust
RLAgent1,183,3,0,0,slow_tit_for_tat,RL + HearsayTrust
RLAgent1,184,3,0,0,harsh_majority,RL + HearsayTrust
RLAgent1,185,3,0,0,harsh_majority,RL + HearsayTrust
RLAgent1,186,3,0,0,harsh_majority,RL + HearsayTrust
RLAgent1,187,3,0,0,harsh_majority,RL + HearsayTrust
RLAgent1,188,3,0,0,harsh_majority,RL + HearsayTrust
RLAgent1,197,3,0,0,cautious_trend,RL + HearsayTrust
RLAgent1,206,3,0,0,cautious_trend,RL + HearsayTrust
RLAgent1,215,3,0,0,cautious_trend,RL + HearsayTrust
RLAgent1,224,3,0,0,cautious_trend,RL + HearsayTrust
RLAgent1,233,3,0,0,cautious_trend,RL + HearsayTrust
RLAgent1,242,3,0,0,cooperative_tft,RL + HearsayTrust
RLAgent1,251,3,0,0,cooperative_tft,RL + HearsayTrust
RLAgent1,260,3,0,0,cooperative_tft,RL + HearsayTrust
RLAgent1,269,3,0,0,cooperative_tft,RL + HearsayTrust
RLAgent1,278,3,0,0,cooperative_tft,RL + HearsayTrust
RLAgent1,287,3,0,0,stochastic_grudger,RL + HearsayTrust
RLAgent1,296,3,0,0,stochastic_grudger,RL + HearsayTrust
RLAgent1,305,3,0,0,stochastic_grudger,RL + HearsayTrust
RLAgent1,314,3,0,0,stochastic_grudger,RL + HearsayTrust
RLAgent1,323,3,0,0,stochastic_grudger,RL + HearsayTrust
RLAgent1,332,3,0,0,grudger,RL + HearsayTrust
RLAgent1,341,3,0,0,grudger,RL + HearsayTrust
RLAgent1,350,3,0,0,grudger,RL + HearsayTrust
RLAgent1,359,3,0,0,grudger,RL + HearsayTrust
RLAgent1,368,3,0,0,grudger,RL + HearsayTrust
RLAgent1,353,3,0,0,manipulator,RL + HearsayTrust
RLAgent1,338,3,0,0,manipulator,RL + HearsayTrust
RLAgent1,323,3,0,0,manipulator,RL + HearsayTrust
RLAgent1,308,3,0,0,manipulator,RL + HearsayTrust
RLAgent1,293,3,0,0,manipulator,RL + HearsayTrust
RLAgent1,302,3,0,0,forgiver,RL + HearsayTrust
RLAgent1,311,3,0,0,forgiver,RL + HearsayTrust
RLAgent1,320,3,0,0,forgiver,RL + HearsayTrust
RLAgent1,329,3,0,0,forgiver,RL + HearsayTrust
RLAgent1,338,3,0,0,forgiver,RL + HearsayTrust
RLAgent1,339,3,0,0,strategic_probe,RL + HearsayTrust
RLAgent1,340,3,0,0,strategic_probe,RL + HearsayTrust
RLAgent1,341,3,0,0,strategic_probe,RL + HearsayTrust
RLAgent1,342,3,0,0,strategic_probe,RL + HearsayTrust
RLAgent1,343,3,0,0,strategic_probe,RL + HearsayTrust
RLAgent1,344,3,0,0,fake_forgiver,RL + HearsayTrust
RLAgent1,345,3,0,0,fake_forgiver,RL + HearsayTrust
RLAgent1,346,3,0,0,fake_forgiver,RL + HearsayTrust
RLAgent1,347,3,0,0,fake_forgiver,RL + HearsayTrust
RLAgent1,348,3,0,0,fake_forgiver,RL + HearsayTrust
RLAgent1,357,3,0,0,grudging_tft,RL + HearsayTrust
RLAgent1,366,3,0,0,grudging_tft,RL + HearsayTrust
RLAgent1,375,3,0,0,grudging_tft,RL + HearsayTrust
RLAgent1,384,3,0,0,grudging_tft,RL + HearsayTrust
RLAgent1,393,3,0,0,grudging_tft,RL + HearsayTrust
RLAgent1,402,3,0,0,double_agent,RL + HearsayTrust
RLAgent1,411,3,0,0,double_agent,RL + HearsayTrust
RLAgent1,420,3,0,0,double_agent,RL + HearsayTrust
RLAgent1,429,3,0,0,double_agent,RL + HearsayTrust
RLAgent1,438,3,0,0,double_agent,RL + HearsayTrust
RLAgent1,439,3,0,0,soft_majority,RL + HearsayTrust
RLAgent1,440,3,0,0,soft_majority,RL + HearsayTrust
RLAgent1,441,3,0,0,soft_majority,RL + HearsayTrust
RLAgent1,442,3,0,0,soft_majority,RL + HearsayTrust
RLAgent1,443,3,0,0,soft_majority,RL + HearsayTrust
RLAgent1,444,3,0,0,random_tit_for_tat,RL + HearsayTrust
RLAgent1,453,3,0,0,random_tit_for_tat,RL + HearsayTrust
RLAgent1,454,3,0,0,random_tit_for_tat,RL + HearsayTrust
RLAgent1,455,3,0,0,random_tit_for_tat,RL + HearsayTrust
RLAgent1,448,3,0,0,random_tit_for_tat,RL + HearsayTrust
RLAgent1,457,3,0,0,persistent_tft,RL + HearsayTrust
RLAgent1,466,3,0,0,persistent_tft,RL + HearsayTrust
RLAgent1,475,3,0,0,persistent_tft,RL + HearsayTrust
RLAgent1,484,3,0,0,persistent_tft,RL + HearsayTrust
RLAgent1,493,3,0,0,persistent_tft,RL + HearsayTrust
RLAgent1,502,3,0,0,deceitful_grim,RL + HearsayTrust
RLAgent1,511,3,0,0,deceitful_grim,RL + HearsayTrust
RLAgent1,520,3,0,0,deceitful_grim,RL + HearsayTrust
RLAgent1,529,3,0,0,deceitful_grim,RL + HearsayTrust
RLAgent1,538,3,0,0,deceitful_grim,RL + HearsayTrust
RLAgent1,547,3,0,0,forgiving_majority,RL + HearsayTrust
RLAgent1,556,3,0,0,forgiving_majority,RL + HearsayTrust
RLAgent1,565,3,0,0,forgiving_majority,RL + HearsayTrust
RLAgent1,574,3,0,0,forgiving_majority,RL + HearsayTrust
RLAgent1,583,3,0,0,forgiving_majority,RL + HearsayTrust
RLAgent1,592,3,0,0,annoyed_probe,RL + HearsayTrust
RLAgent1,601,3,0,0,annoyed_probe,RL + HearsayTrust
RLAgent1,610,3,0,0,annoyed_probe,RL + HearsayTrust
RLAgent1,619,3,0,0,annoyed_probe,RL + HearsayTrust
RLAgent1,628,3,0,0,annoyed_probe,RL + HearsayTrust
RLAgent1,629,3,0,0,prober,RL + HearsayTrust
RLAgent1,630,3,0,0,prober,RL + HearsayTrust
RLAgent1,631,3,0,0,prober,RL + HearsayTrust
RLAgent1,632,3,0,0,prober,RL + HearsayTrust
RLAgent1,633,3,0,0,prober,RL + HearsayTrust
RLAgent1,642,3,0,0,retaliator,RL + HearsayTrust
RLAgent1,651,3,0,0,retaliator,RL + HearsayTrust
RLAgent1,660,3,0,0,retaliator,RL + HearsayTrust
RLAgent1,669,3,0,0,retaliator,RL + HearsayTrust
RLAgent1,678,3,0,0,retaliator,RL + HearsayTrust
RLAgent1,687,3,0,0,generous_tit_for_tat,RL + HearsayTrust
RLAgent1,696,3,0,0,generous_tit_for_tat,RL + HearsayTrust
RLAgent1,705,3,0,0,generous_tit_for_tat,RL + HearsayTrust
RLAgent1,714,3,0,0,generous_tit_for_tat,RL + HearsayTrust
RLAgent1,723,3,0,0,generous_tit_for_tat,RL + HearsayTrust
RLAgent1,732,3,0,0,trend_follower,RL + HearsayTrust
RLAgent1,741,3,0,0,trend_follower,RL + HearsayTrust
RLAgent1,750,3,0,0,trend_follower,RL + HearsayTrust
RLAgent1,759,3,0,0,trend_follower,RL + HearsayTrust
RLAgent1,768,3,0,0,trend_follower,RL + HearsayTrust
RLAgent1,753,3,0,0,sometimes_defect,RL + HearsayTrust
RLAgent1,738,3,0,0,sometimes_defect,RL + HearsayTrust
RLAgent1,723,3,0,0,sometimes_defect,RL + HearsayTrust
RLAgent1,724,3,0,0,sometimes_defect,RL + HearsayTrust
RLAgent1,717,3,0,0,sometimes_defect,RL + HearsayTrust
RLAgent1,718,3,0,0,suspicious_probe,RL + HearsayTrust
RLAgent1,719,3,0,0,suspicious_probe,RL + HearsayTrust
RLAgent1,720,3,0,0,suspicious_probe,RL + HearsayTrust
RLAgent1,721,3,0,0,suspicious_probe,RL + HearsayTrust
RLAgent1,722,3,0,0,suspicious_probe,RL + HearsayTrust
RLAgent1,723,3,0,0,detective,RL + HearsayTrust
RLAgent1,724,3,0,0,detective,RL + HearsayTrust
RLAgent1,725,3,0,0,detective,RL + HearsayTrust
RLAgent1,726,3,0,0,detective,RL + HearsayTrust
RLAgent1,727,3,0,0,detective,RL + HearsayTrust
RLAgent1,736,3,0,0,revenge_seeker,RL + HearsayTrust
RLAgent1,745,3,0,0,revenge_seeker,RL + HearsayTrust
RLAgent1,754,3,0,0,revenge_seeker,RL + HearsayTrust
RLAgent1,763,3,0,0,revenge_seeker,RL + HearsayTrust
RLAgent1,772,3,0,0,revenge_seeker,RL + HearsayTrust
RLAgent1,781,3,0,0,adaptive_majority,RL + HearsayTrust
RLAgent1,790,3,0,0,adaptive_majority,RL + HearsayTrust
RLAgent1,799,3,0,0,adaptive_majority,RL + HearsayTrust
RLAgent1,808,3,0,0,adaptive_majority,RL + HearsayTrust
RLAgent1,817,3,0,0,adaptive_majority,RL + HearsayTrust
RLAgent1,826,3,0,0,cooperative_majority,RL + HearsayTrust
RLAgent1,835,3,0,0,cooperative_majority,RL + HearsayTrust
RLAgent1,844,3,0,0,cooperative_majority,RL + HearsayTrust
RLAgent1,853,3,0,0,cooperative_majority,RL + HearsayTrust
RLAgent1,862,3,0,0,cooperative_majority,RL + HearsayTrust
RLAgent1,871,3,0,0,flexible_grudger,RL + HearsayTrust
RLAgent1,880,3,0,0,flexible_grudger,RL + HearsayTrust
RLAgent1,889,3,0,0,flexible_grudger,RL + HearsayTrust
RLAgent1,898,3,0,0,flexible_grudger,RL + HearsayTrust
RLAgent1,907,3,0,0,flexible_grudger,RL + HearsayTrust
RLAgent1,916,3,0,0,nice_tft,RL + HearsayTrust
RLAgent1,925,3,0,0,nice_tft,RL + HearsayTrust
RLAgent1,934,3,0,0,nice_tft,RL + HearsayTrust
RLAgent1,943,3,0,0,nice_tft,RL + HearsayTrust
RLAgent1,952,3,0,0,nice_tft,RL + HearsayTrust
RLAgent1,961,3,0,0,random_agent,RL + HearsayTrust
RLAgent1,962,3,0,0,random_agent,RL + HearsayTrust
RLAgent1,955,3,0,0,random_agent,RL + HearsayTrust
RLAgent1,948,3,0,0,random_agent,RL + HearsayTrust
RLAgent1,949,3,0,0,random_agent,RL + HearsayTrust
RLAgent1,950,3,0,0,suspicious_tft,RL + HearsayTrust
RLAgent1,951,3,0,0,suspicious_tft,RL + HearsayTrust
RLAgent1,952,3,0,0,suspicious_tft,RL + HearsayTrust
RLAgent1,953,3,0,0,suspicious_tft,RL + HearsayTrust
RLAgent1,954,3,0,0,suspicious_tft,RL + HearsayTrust
RLAgent1,963,3,0,0,win_stay_lose_shift,RL + HearsayTrust
RLAgent1,972,3,0,0,win_stay_lose_shift,RL + HearsayTrust
RLAgent1,981,3,0,0,win_stay_lose_shift,RL + HearsayTrust
RLAgent1,990,3,0,0,win_stay_lose_shift,RL + HearsayTrust
RLAgent1,999,3,0,0,win_stay_lose_shift,RL + HearsayTrust
RLAgent1,1008,3,0,0,noisy_tft,RL + HearsayTrust
RLAgent1,1001,3,0,0,noisy_tft,RL + HearsayTrust
RLAgent1,1002,3,0,0,noisy_tft,RL + HearsayTrust
RLAgent1,1011,3,0,0,noisy_tft,RL + HearsayTrust
RLAgent1,1020,3,0,0,noisy_tft,RL + HearsayTrust
RLAgent1,1005,3,0,0,always_defect,RL + HearsayTrust
RLAgent1,990,3,0,0,always_defect,RL + HearsayTrust
RLAgent1,975,3,0,0,always_defect,RL + HearsayTrust
RLAgent1,960,3,0,0,always_defect,RL + HearsayTrust
RLAgent1,945,3,0,0,always_defect,RL + HearsayTrust
RLAgent1,954,3,0,0,hard_majority,RL + HearsayTrust
RLAgent1,963,3,0,0,hard_majority,RL + HearsayTrust
RLAgent1,972,3,0,0,hard_majority,RL + HearsayTrust
RLAgent1,981,3,0,0,hard_majority,RL + HearsayTrust
RLAgent1,990,3,0,0,hard_majority,RL + HearsayTrust
RLAgent1,999,3,0,0,always_cooperate,RL + HearsayTrust
RLAgent1,1008,3,0,0,always_cooperate,RL + HearsayTrust
RLAgent1,1017,3,0,0,always_cooperate,RL + HearsayTrust
RLAgent1,1026,3,0,0,always_cooperate,RL + HearsayTrust
RLAgent1,1035,3,0,0,always_cooperate,RL + HearsayTrust
RLAgent1,1044,3,0,0,skeptical_majority,RL + HearsayTrust
RLAgent1,1053,3,0,0,skeptical_majority,RL + HearsayTrust
RLAgent1,1062,3,0,0,skeptical_majority,RL + HearsayTrust
RLAgent1,1071,3,0,0,skeptical_majority,RL + HearsayTrust
RLAgent1,1080,3,0,0,skeptical_majority,RL + HearsayTrust
RLAgent1,1089,3,0,0,tit_for_tat,RL + HearsayTrust
RLAgent1,1098,3,0,0,tit_for_tat,RL + HearsayTrust
RLAgent1,1107,3,0,0,tit_for_tat,RL + HearsayTrust
RLAgent1,1116,3,0,0,tit_for_tat,RL + HearsayTrust
RLAgent1,1125,3,0,0,tit_for_tat,RL + HearsayTrust
RLAgent1,-5,3,0,0,always_defect,RL + DefectiveAgent
RLAgent1,-20,3,0,0,always_defect,RL + DefectiveAgent
RLAgent1,-35,3,0,0,always_defect,RL + DefectiveAgent
RLAgent1,-50,3,0,0,always_defect,RL + DefectiveAgent
RLAgent1,-65,3,0,0,always_defect,RL + DefectiveAgent
RLAgent1,-56,3,0,0,cooperative_majority,RL + DefectiveAgent
RLAgent1,-47,3,0,0,cooperative_majority,RL + DefectiveAgent
RLAgent1,-38,3,0,0,cooperative_majority,RL + DefectiveAgent
RLAgent1,-29,3,0,0,cooperative_majority,RL + DefectiveAgent
RLAgent1,-20,3,0,0,cooperative_majority,RL + DefectiveAgent
RLAgent1,-11,3,0,0,tit_for_tat,RL + DefectiveAgent
RLAgent1,-2,3,0,0,tit_for_tat,RL + DefectiveAgent
RLAgent1,7,3,0,0,tit_for_tat,RL + DefectiveAgent
RLAgent1,16,3,0,0,tit_for_tat,RL + DefectiveAgent
RLAgent1,25,3,0,0,tit_for_tat,RL + DefectiveAgent
RLAgent1,34,3,0,0,retaliator,RL + DefectiveAgent
RLAgent1,43,3,0,0,retaliator,RL + DefectiveAgent
RLAgent1,52,3,0,0,retaliator,RL + DefectiveAgent
RLAgent1,61,3,0,0,retaliator,RL + DefectiveAgent
RLAgent1,70,3,0,0,retaliator,RL + DefectiveAgent
RLAgent1,71,3,0,0,fake_forgiver,RL + DefectiveAgent
RLAgent1,72,3,0,0,fake_forgiver,RL + DefectiveAgent
RLAgent1,73,3,0,0,fake_forgiver,RL + DefectiveAgent
RLAgent1,74,3,0,0,fake_forgiver,RL + DefectiveAgent
RLAgent1,75,3,0,0,fake_forgiver,RL + DefectiveAgent
RLAgent1,84,3,0,0,skeptical_majority,RL + DefectiveAgent
RLAgent1,93,3,0,0,skeptical_majority,RL + DefectiveAgent
RLAgent1,102,3,0,0,skeptical_majority,RL + DefectiveAgent
RLAgent1,111,3,0,0,skeptical_majority,RL + DefectiveAgent
RLAgent1,120,3,0,0,skeptical_majority,RL + DefectiveAgent
RLAgent1,129,3,0,0,noisy_tft,RL + DefectiveAgent
RLAgent1,138,3,0,0,noisy_tft,RL + DefectiveAgent
RLAgent1,147,3,0,0,noisy_tft,RL + DefectiveAgent
RLAgent1,156,3,0,0,noisy_tft,RL + DefectiveAgent
RLAgent1,165,3,0,0,noisy_tft,RL + DefectiveAgent
RLAgent1,174,3,0,0,stochastic_grudger,RL + DefectiveAgent
RLAgent1,183,3,0,0,stochastic_grudger,RL + DefectiveAgent
RLAgent1,192,3,0,0,stochastic_grudger,RL + DefectiveAgent
RLAgent1,201,3,0,0,stochastic_grudger,RL + DefectiveAgent
RLAgent1,210,3,0,0,stochastic_grudger,RL + DefectiveAgent
RLAgent1,211,3,0,0,tft_in_small_groups,RL + DefectiveAgent
RLAgent1,212,3,0,0,tft_in_small_groups,RL + DefectiveAgent
RLAgent1,213,3,0,0,tft_in_small_groups,RL + DefectiveAgent
RLAgent1,214,3,0,0,tft_in_small_groups,RL + DefectiveAgent
RLAgent1,215,3,0,0,tft_in_small_groups,RL + DefectiveAgent
RLAgent1,216,3,0,0,prober,RL + DefectiveAgent
RLAgent1,217,3,0,0,prober,RL + DefectiveAgent
RLAgent1,218,3,0,0,prober,RL + DefectiveAgent
RLAgent1,219,3,0,0,prober,RL + DefectiveAgent
RLAgent1,220,3,0,0,prober,RL + DefectiveAgent
RLAgent1,229,3,0,0,hard_majority,RL + DefectiveAgent
RLAgent1,238,3,0,0,hard_majority,RL + DefectiveAgent
RLAgent1,247,3,0,0,hard_majority,RL + DefectiveAgent
RLAgent1,256,3,0,0,hard_majority,RL + DefectiveAgent
RLAgent1,265,3,0,0,hard_majority,RL + DefectiveAgent
RLAgent1,266,3,0,0,suspicious_tft,RL + DefectiveAgent
RLAgent1,267,3,0,0,suspicious_tft,RL + DefectiveAgent
RLAgent1,268,3,0,0,suspicious_tft,RL + DefectiveAgent
RLAgent1,269,3,0,0,suspicious_tft,RL + DefectiveAgent
RLAgent1,270,3,0,0,suspicious_tft,RL + DefectiveAgent
RLAgent1,279,3,0,0,snob,RL + DefectiveAgent
RLAgent1,288,3,0,0,snob,RL + DefectiveAgent
RLAgent1,297,3,0,0,snob,RL + DefectiveAgent
RLAgent1,306,3,0,0,snob,RL + DefectiveAgent
RLAgent1,315,3,0,0,snob,RL + DefectiveAgent
RLAgent1,316,3,0,0,detective,RL + DefectiveAgent
RLAgent1,317,3,0,0,detective,RL + DefectiveAgent
RLAgent1,318,3,0,0,detective,RL + DefectiveAgent
RLAgent1,319,3,0,0,detective,RL + DefectiveAgent
RLAgent1,320,3,0,0,detective,RL + DefectiveAgent
RLAgent1,329,3,0,0,cautious_trend,RL + DefectiveAgent
RLAgent1,338,3,0,0,cautious_trend,RL + DefectiveAgent
RLAgent1,347,3,0,0,cautious_trend,RL + DefectiveAgent
RLAgent1,356,3,0,0,cautious_trend,RL + DefectiveAgent
RLAgent1,365,3,0,0,cautious_trend,RL + DefectiveAgent
RLAgent1,374,3,0,0,trend_follower,RL + DefectiveAgent
RLAgent1,383,3,0,0,trend_follower,RL + DefectiveAgent
RLAgent1,392,3,0,0,trend_follower,RL + DefectiveAgent
RLAgent1,401,3,0,0,trend_follower,RL + DefectiveAgent
RLAgent1,410,3,0,0,trend_follower,RL + DefectiveAgent
RLAgent1,419,3,0,0,sneak_attack,RL + DefectiveAgent
RLAgent1,428,3,0,0,sneak_attack,RL + DefectiveAgent
RLAgent1,437,3,0,0,sneak_attack,RL + DefectiveAgent
RLAgent1,446,3,0,0,sneak_attack,RL + DefectiveAgent
RLAgent1,455,3,0,0,sneak_attack,RL + DefectiveAgent
RLAgent1,464,3,0,0,evolver,RL + DefectiveAgent
RLAgent1,473,3,0,0,evolver,RL + DefectiveAgent
RLAgent1,482,3,0,0,evolver,RL + DefectiveAgent
RLAgent1,491,3,0,0,evolver,RL + DefectiveAgent
RLAgent1,500,3,0,0,evolver,RL + DefectiveAgent
RLAgent1,485,3,0,0,invasive_probe,RL + DefectiveAgent
RLAgent1,470,3,0,0,invasive_probe,RL + DefectiveAgent
RLAgent1,455,3,0,0,invasive_probe,RL + DefectiveAgent
RLAgent1,440,3,0,0,invasive_probe,RL + DefectiveAgent
RLAgent1,425,3,0,0,invasive_probe,RL + DefectiveAgent
RLAgent1,434,3,0,0,slow_tit_for_tat,RL + DefectiveAgent
RLAgent1,443,3,0,0,slow_tit_for_tat,RL + DefectiveAgent
RLAgent1,452,3,0,0,slow_tit_for_tat,RL + DefectiveAgent
RLAgent1,461,3,0,0,slow_tit_for_tat,RL + DefectiveAgent
RLAgent1,470,3,0,0,slow_tit_for_tat,RL + DefectiveAgent
RLAgent1,479,3,0,0,flexible_grudger,RL + DefectiveAgent
RLAgent1,488,3,0,0,flexible_grudger,RL + DefectiveAgent
RLAgent1,497,3,0,0,flexible_grudger,RL + DefectiveAgent
RLAgent1,506,3,0,0,flexible_grudger,RL + DefectiveAgent
RLAgent1,515,3,0,0,flexible_grudger,RL + DefectiveAgent
RLAgent1,524,3,0,0,forgiver,RL + DefectiveAgent
RLAgent1,533,3,0,0,forgiver,RL + DefectiveAgent
RLAgent1,542,3,0,0,forgiver,RL + DefectiveAgent
RLAgent1,551,3,0,0,forgiver,RL + DefectiveAgent
RLAgent1,560,3,0,0,forgiver,RL + DefectiveAgent
RLAgent1,569,3,0,0,adaptive_majority,RL + DefectiveAgent
RLAgent1,578,3,0,0,adaptive_majority,RL + DefectiveAgent
RLAgent1,587,3,0,0,adaptive_majority,RL + DefectiveAgent
RLAgent1,596,3,0,0,adaptive_majority,RL + DefectiveAgent
RLAgent1,605,3,0,0,adaptive_majority,RL + DefectiveAgent
RLAgent1,614,3,0,0,annoyed_probe,RL + DefectiveAgent
RLAgent1,623,3,0,0,annoyed_probe,RL + DefectiveAgent
RLAgent1,632,3,0,0,annoyed_probe,RL + DefectiveAgent
RLAgent1,641,3,0,0,annoyed_probe,RL + DefectiveAgent
RLAgent1,650,3,0,0,annoyed_probe,RL + DefectiveAgent
RLAgent1,659,3,0,0,double_agent,RL + DefectiveAgent
RLAgent1,668,3,0,0,double_agent,RL + DefectiveAgent
RLAgent1,677,3,0,0,double_agent,RL + DefectiveAgent
RLAgent1,686,3,0,0,double_agent,RL + DefectiveAgent
RLAgent1,695,3,0,0,double_agent,RL + DefectiveAgent
RLAgent1,704,3,0,0,always_cooperate,RL + DefectiveAgent
RLAgent1,713,3,0,0,always_cooperate,RL + DefectiveAgent
RLAgent1,722,3,0,0,always_cooperate,RL + DefectiveAgent
RLAgent1,731,3,0,0,always_cooperate,RL + DefectiveAgent
RLAgent1,740,3,0,0,always_cooperate,RL + DefectiveAgent
RLAgent1,749,3,0,0,grudger,RL + DefectiveAgent
RLAgent1,758,3,0,0,grudger,RL + DefectiveAgent
RLAgent1,767,3,0,0,grudger,RL + DefectiveAgent
RLAgent1,776,3,0,0,grudger,RL + DefectiveAgent
RLAgent1,785,3,0,0,grudger,RL + DefectiveAgent
RLAgent1,794,3,0,0,generous_tit_for_tat,RL + DefectiveAgent
RLAgent1,803,3,0,0,generous_tit_for_tat,RL + DefectiveAgent
RLAgent1,812,3,0,0,generous_tit_for_tat,RL + DefectiveAgent
RLAgent1,821,3,0,0,generous_tit_for_tat,RL + DefectiveAgent
RLAgent1,830,3,0,0,generous_tit_for_tat,RL + DefectiveAgent
RLAgent1,839,3,0,0,grudging_tft,RL + DefectiveAgent
RLAgent1,848,3,0,0,grudging_tft,RL + DefectiveAgent
RLAgent1,857,3,0,0,grudging_tft,RL + DefectiveAgent
RLAgent1,866,3,0,0,grudging_tft,RL + DefectiveAgent
RLAgent1,875,3,0,0,grudging_tft,RL + DefectiveAgent
RLAgent1,876,3,0,0,random_agent,RL + DefectiveAgent
RLAgent1,861,3,0,0,random_agent,RL + DefectiveAgent
RLAgent1,854,3,0,0,random_agent,RL + DefectiveAgent
RLAgent1,855,3,0,0,random_agent,RL + DefectiveAgent
RLAgent1,856,3,0,0,random_agent,RL + DefectiveAgent
RLAgent1,857,3,0,0,random_tit_for_tat,RL + DefectiveAgent
RLAgent1,858,3,0,0,random_tit_for_tat,RL + DefectiveAgent
RLAgent1,859,3,0,0,random_tit_for_tat,RL + DefectiveAgent
RLAgent1,852,3,0,0,random_tit_for_tat,RL + DefectiveAgent
RLAgent1,853,3,0,0,random_tit_for_tat,RL + DefectiveAgent
RLAgent1,862,3,0,0,win_stay_lose_shift,RL + DefectiveAgent
RLAgent1,871,3,0,0,win_stay_lose_shift,RL + DefectiveAgent
RLAgent1,880,3,0,0,win_stay_lose_shift,RL + DefectiveAgent
RLAgent1,889,3,0,0,win_stay_lose_shift,RL + DefectiveAgent
RLAgent1,898,3,0,0,win_stay_lose_shift,RL + DefectiveAgent
RLAgent1,891,3,0,0,sometimes_cooperate,RL + DefectiveAgent
RLAgent1,884,3,0,0,sometimes_cooperate,RL + DefectiveAgent
RLAgent1,877,3,0,0,sometimes_cooperate,RL + DefectiveAgent
RLAgent1,878,3,0,0,sometimes_cooperate,RL + DefectiveAgent
RLAgent1,887,3,0,0,sometimes_cooperate,RL + DefectiveAgent
RLAgent1,896,3,0,0,revenge_seeker,RL + DefectiveAgent
RLAgent1,905,3,0,0,revenge_seeker,RL + DefectiveAgent
RLAgent1,914,3,0,0,revenge_seeker,RL + DefectiveAgent
RLAgent1,923,3,0,0,revenge_seeker,RL + DefectiveAgent
RLAgent1,932,3,0,0,revenge_seeker,RL + DefectiveAgent
RLAgent1,941,3,0,0,cooperative_tft,RL + DefectiveAgent
RLAgent1,950,3,0,0,cooperative_tft,RL + DefectiveAgent
RLAgent1,959,3,0,0,cooperative_tft,RL + DefectiveAgent
RLAgent1,968,3,0,0,cooperative_tft,RL + DefectiveAgent
RLAgent1,977,3,0,0,cooperative_tft,RL + DefectiveAgent
RLAgent1,978,3,0,0,strategic_probe,RL + DefectiveAgent
RLAgent1,979,3,0,0,strategic_probe,RL + DefectiveAgent
RLAgent1,980,3,0,0,strategic_probe,RL + DefectiveAgent
RLAgent1,981,3,0,0,strategic_probe,RL + DefectiveAgent
RLAgent1,982,3,0,0,strategic_probe,RL + DefectiveAgent
RLAgent1,983,3,0,0,suspicious_probe,RL + DefectiveAgent
RLAgent1,984,3,0,0,suspicious_probe,RL + DefectiveAgent
RLAgent1,985,3,0,0,suspicious_probe,RL + DefectiveAgent
RLAgent1,986,3,0,0,suspicious_probe,RL + DefectiveAgent
RLAgent1,987,3,0,0,suspicious_probe,RL + DefectiveAgent
RLAgent1,988,3,0,0,harsh_majority,RL + DefectiveAgent
RLAgent1,989,3,0,0,harsh_majority,RL + DefectiveAgent
RLAgent1,990,3,0,0,harsh_majority,RL + DefectiveAgent
RLAgent1,991,3,0,0,harsh_majority,RL + DefectiveAgent
RLAgent1,992,3,0,0,harsh_majority,RL + DefectiveAgent
RLAgent1,977,3,0,0,manipulator,RL + DefectiveAgent
RLAgent1,962,3,0,0,manipulator,RL + DefectiveAgent
RLAgent1,947,3,0,0,manipulator,RL + DefectiveAgent
RLAgent1,932,3,0,0,manipulator,RL + DefectiveAgent
RLAgent1,917,3,0,0,manipulator,RL + DefectiveAgent
RLAgent1,918,3,0,0,soft_majority,RL + DefectiveAgent
RLAgent1,919,3,0,0,soft_majority,RL + DefectiveAgent
RLAgent1,920,3,0,0,soft_majority,RL + DefectiveAgent
RLAgent1,921,3,0,0,soft_majority,RL + DefectiveAgent
RLAgent1,922,3,0,0,soft_majority,RL + DefectiveAgent
RLAgent1,931,3,0,0,nice_tft,RL + DefectiveAgent
RLAgent1,940,3,0,0,nice_tft,RL + DefectiveAgent
RLAgent1,949,3,0,0,nice_tft,RL + DefectiveAgent
RLAgent1,958,3,0,0,nice_tft,RL + DefectiveAgent
RLAgent1,967,3,0,0,nice_tft,RL + DefectiveAgent
RLAgent1,976,3,0,0,persistent_tft,RL + DefectiveAgent
RLAgent1,985,3,0,0,persistent_tft,RL + DefectiveAgent
RLAgent1,994,3,0,0,persistent_tft,RL + DefectiveAgent
RLAgent1,1003,3,0,0,persistent_tft,RL + DefectiveAgent
RLAgent1,1012,3,0,0,persistent_tft,RL + DefectiveAgent
RLAgent1,997,3,0,0,sometimes_defect,RL + DefectiveAgent
RLAgent1,982,3,0,0,sometimes_defect,RL + DefectiveAgent
RLAgent1,975,3,0,0,sometimes_defect,RL + DefectiveAgent
RLAgent1,960,3,0,0,sometimes_defect,RL + DefectiveAgent
RLAgent1,953,3,0,0,sometimes_defect,RL + DefectiveAgent
RLAgent1,954,3,0,0,anti_tft,RL + DefectiveAgent
RLAgent1,955,3,0,0,anti_tft,RL + DefectiveAgent
RLAgent1,956,3,0,0,anti_tft,RL + DefectiveAgent
RLAgent1,957,3,0,0,anti_tft,RL + DefectiveAgent
RLAgent1,958,3,0,0,anti_tft,RL + DefectiveAgent
RLAgent1,967,3,0,0,deceitful_grim,RL + DefectiveAgent
RLAgent1,976,3,0,0,deceitful_grim,RL + DefectiveAgent
RLAgent1,985,3,0,0,deceitful_grim,RL + DefectiveAgent
RLAgent1,994,3,0,0,deceitful_grim,RL + DefectiveAgent
RLAgent1,1003,3,0,0,deceitful_grim,RL + DefectiveAgent
RLAgent1,1012,3,0,0,grim_trigger,RL + DefectiveAgent
RLAgent1,1021,3,0,0,grim_trigger,RL + DefectiveAgent
RLAgent1,1030,3,0,0,grim_trigger,RL + DefectiveAgent
RLAgent1,1039,3,0,0,grim_trigger,RL + DefectiveAgent
RLAgent1,1048,3,0,0,grim_trigger,RL + DefectiveAgent
RLAgent1,1057,3,0,0,forgiving_majority,RL + DefectiveAgent
RLAgent1,1066,3,0,0,forgiving_majority,RL + DefectiveAgent
RLAgent1,1075,3,0,0,forgiving_majority,RL + DefectiveAgent
RLAgent1,1084,3,0,0,forgiving_majority,RL + DefectiveAgent
RLAgent1,1093,3,0,0,forgiving_majority,RL + DefectiveAgent
RLAgent1,25,0,3,0,sneak_attack,RL + AdversaryAgent
RLAgent1,40,0,3,0,sneak_attack,RL + AdversaryAgent
RLAgent1,55,0,3,0,sneak_attack,RL + AdversaryAgent
RLAgent1,70,0,3,0,sneak_attack,RL + AdversaryAgent
RLAgent1,85,0,3,0,sneak_attack,RL + AdversaryAgent
RLAgent1,94,0,3,0,annoyed_probe,RL + AdversaryAgent
RLAgent1,103,0,3,0,annoyed_probe,RL + AdversaryAgent
RLAgent1,112,0,3,0,annoyed_probe,RL + AdversaryAgent
RLAgent1,121,0,3,0,annoyed_probe,RL + AdversaryAgent
RLAgent1,130,0,3,0,annoyed_probe,RL + AdversaryAgent
RLAgent1,129,1,2,0,stochastic_grudger,RL + AdversaryAgent
RLAgent1,128,1,2,0,stochastic_grudger,RL + AdversaryAgent
RLAgent1,127,1,2,0,stochastic_grudger,RL + AdversaryAgent
RLAgent1,126,1,2,0,stochastic_grudger,RL + AdversaryAgent
RLAgent1,141,0,3,0,stochastic_grudger,RL + AdversaryAgent
RLAgent1,140,1,2,0,noisy_tft,RL + AdversaryAgent
RLAgent1,139,1,2,0,noisy_tft,RL + AdversaryAgent
RLAgent1,138,1,2,0,noisy_tft,RL + AdversaryAgent
RLAgent1,153,0,3,0,noisy_tft,RL + AdversaryAgent
RLAgent1,152,1,2,0,noisy_tft,RL + AdversaryAgent
RLAgent1,151,1,2,0,anti_tft,RL + AdversaryAgent
RLAgent1,150,1,2,0,anti_tft,RL + AdversaryAgent
RLAgent1,149,1,2,0,anti_tft,RL + AdversaryAgent
RLAgent1,148,1,2,0,anti_tft,RL + AdversaryAgent
RLAgent1,147,1,2,0,anti_tft,RL + AdversaryAgent
RLAgent1,146,1,2,0,trend_follower,RL + AdversaryAgent
RLAgent1,145,1,2,0,trend_follower,RL + AdversaryAgent
RLAgent1,144,1,2,0,trend_follower,RL + AdversaryAgent
RLAgent1,143,1,2,0,trend_follower,RL + AdversaryAgent
RLAgent1,142,1,2,0,trend_follower,RL + AdversaryAgent
RLAgent1,141,1,2,0,forgiver,RL + AdversaryAgent
RLAgent1,140,1,2,0,forgiver,RL + AdversaryAgent
RLAgent1,139,1,2,0,forgiver,RL + AdversaryAgent
RLAgent1,138,1,2,0,forgiver,RL + AdversaryAgent
RLAgent1,137,1,2,0,forgiver,RL + AdversaryAgent
RLAgent1,152,0,3,0,sometimes_cooperate,RL + AdversaryAgent
RLAgent1,167,0,3,0,sometimes_cooperate,RL + AdversaryAgent
RLAgent1,160,1,2,0,sometimes_cooperate,RL + AdversaryAgent
RLAgent1,153,1,2,0,sometimes_cooperate,RL + AdversaryAgent
RLAgent1,160,1,2,0,sometimes_cooperate,RL + AdversaryAgent
RLAgent1,159,1,2,0,sometimes_defect,RL + AdversaryAgent
RLAgent1,152,1,2,0,sometimes_defect,RL + AdversaryAgent
RLAgent1,159,1,2,0,sometimes_defect,RL + AdversaryAgent
RLAgent1,152,1,2,0,sometimes_defect,RL + AdversaryAgent
RLAgent1,151,1,2,0,sometimes_defect,RL + AdversaryAgent
RLAgent1,160,0,3,0,skeptical_majority,RL + AdversaryAgent
RLAgent1,169,0,3,0,skeptical_majority,RL + AdversaryAgent
RLAgent1,178,0,3,0,skeptical_majority,RL + AdversaryAgent
RLAgent1,187,0,3,0,skeptical_majority,RL + AdversaryAgent
RLAgent1,196,0,3,0,skeptical_majority,RL + AdversaryAgent
RLAgent1,189,1,2,0,soft_majority,RL + AdversaryAgent
RLAgent1,182,1,2,0,soft_majority,RL + AdversaryAgent
RLAgent1,175,1,2,0,soft_majority,RL + AdversaryAgent
RLAgent1,168,1,2,0,soft_majority,RL + AdversaryAgent
RLAgent1,161,1,2,0,soft_majority,RL + AdversaryAgent
RLAgent1,168,1,2,0,fake_forgiver,RL + AdversaryAgent
RLAgent1,175,1,2,0,fake_forgiver,RL + AdversaryAgent
RLAgent1,182,1,2,0,fake_forgiver,RL + AdversaryAgent
RLAgent1,189,1,2,0,fake_forgiver,RL + AdversaryAgent
RLAgent1,196,1,2,0,fake_forgiver,RL + AdversaryAgent
RLAgent1,195,1,2,0,hard_majority,RL + AdversaryAgent
RLAgent1,194,1,2,0,hard_majority,RL + AdversaryAgent
RLAgent1,193,1,2,0,hard_majority,RL + AdversaryAgent
RLAgent1,192,1,2,0,hard_majority,RL + AdversaryAgent
RLAgent1,191,1,2,0,hard_majority,RL + AdversaryAgent
RLAgent1,206,0,3,0,double_agent,RL + AdversaryAgent
RLAgent1,221,0,3,0,double_agent,RL + AdversaryAgent
RLAgent1,236,0,3,0,double_agent,RL + AdversaryAgent
RLAgent1,251,0,3,0,double_agent,RL + AdversaryAgent
RLAgent1,266,0,3,0,double_agent,RL + AdversaryAgent
RLAgent1,265,1,2,0,suspicious_probe,RL + AdversaryAgent
RLAgent1,264,1,2,0,suspicious_probe,RL + AdversaryAgent
RLAgent1,263,1,2,0,suspicious_probe,RL + AdversaryAgent
RLAgent1,262,1,2,0,suspicious_probe,RL + AdversaryAgent
RLAgent1,261,1,2,0,suspicious_probe,RL + AdversaryAgent
RLAgent1,260,1,2,0,grudging_tft,RL + AdversaryAgent
RLAgent1,259,1,2,0,grudging_tft,RL + AdversaryAgent
RLAgent1,258,1,2,0,grudging_tft,RL + AdversaryAgent
RLAgent1,257,1,2,0,grudging_tft,RL + AdversaryAgent
RLAgent1,256,1,2,0,grudging_tft,RL + AdversaryAgent
RLAgent1,249,1,2,0,invasive_probe,RL + AdversaryAgent
RLAgent1,242,1,2,0,invasive_probe,RL + AdversaryAgent
RLAgent1,235,1,2,0,invasive_probe,RL + AdversaryAgent
RLAgent1,228,1,2,0,invasive_probe,RL + AdversaryAgent
RLAgent1,221,1,2,0,invasive_probe,RL + AdversaryAgent
RLAgent1,236,0,3,0,evolver,RL + AdversaryAgent
RLAgent1,251,0,3,0,evolver,RL + AdversaryAgent
RLAgent1,266,0,3,0,evolver,RL + AdversaryAgent
RLAgent1,281,0,3,0,evolver,RL + AdversaryAgent
RLAgent1,296,0,3,0,evolver,RL + AdversaryAgent
RLAgent1,295,1,2,0,grudger,RL + AdversaryAgent
RLAgent1,294,1,2,0,grudger,RL + AdversaryAgent
RLAgent1,293,1,2,0,grudger,RL + AdversaryAgent
RLAgent1,292,1,2,0,grudger,RL + AdversaryAgent
RLAgent1,291,1,2,0,grudger,RL + AdversaryAgent
RLAgent1,298,1,2,0,strategic_probe,RL + AdversaryAgent
RLAgent1,305,1,2,0,strategic_probe,RL + AdversaryAgent
RLAgent1,312,1,2,0,strategic_probe,RL + AdversaryAgent
RLAgent1,319,1,2,0,strategic_probe,RL + AdversaryAgent
RLAgent1,326,1,2,0,strategic_probe,RL + AdversaryAgent
RLAgent1,319,1,2,0,always_defect,RL + AdversaryAgent
RLAgent1,312,1,2,0,always_defect,RL + AdversaryAgent
RLAgent1,305,1,2,0,always_defect,RL + AdversaryAgent
RLAgent1,298,1,2,0,always_defect,RL + AdversaryAgent
RLAgent1,291,1,2,0,always_defect,RL + AdversaryAgent
RLAgent1,290,1,2,0,suspicious_tft,RL + AdversaryAgent
RLAgent1,289,1,2,0,suspicious_tft,RL + AdversaryAgent
RLAgent1,288,1,2,0,suspicious_tft,RL + AdversaryAgent
RLAgent1,287,1,2,0,suspicious_tft,RL + AdversaryAgent
RLAgent1,286,1,2,0,suspicious_tft,RL + AdversaryAgent
RLAgent1,287,1,2,0,random_agent,RL + AdversaryAgent
RLAgent1,288,1,2,0,random_agent,RL + AdversaryAgent
RLAgent1,281,1,2,0,random_agent,RL + AdversaryAgent
RLAgent1,274,1,2,0,random_agent,RL + AdversaryAgent
RLAgent1,289,0,3,0,random_agent,RL + AdversaryAgent
RLAgent1,282,1,2,0,tft_in_small_groups,RL + AdversaryAgent
RLAgent1,275,1,2,0,tft_in_small_groups,RL + AdversaryAgent
RLAgent1,268,1,2,0,tft_in_small_groups,RL + AdversaryAgent
RLAgent1,261,1,2,0,tft_in_small_groups,RL + AdversaryAgent
RLAgent1,254,1,2,0,tft_in_small_groups,RL + AdversaryAgent
RLAgent1,263,0,3,0,forgiving_majority,RL + AdversaryAgent
RLAgent1,272,0,3,0,forgiving_majority,RL + AdversaryAgent
RLAgent1,281,0,3,0,forgiving_majority,RL + AdversaryAgent
RLAgent1,290,0,3,0,forgiving_majority,RL + AdversaryAgent
RLAgent1,299,0,3,0,forgiving_majority,RL + AdversaryAgent
RLAgent1,314,0,3,0,snob,RL + AdversaryAgent
RLAgent1,329,0,3,0,snob,RL + AdversaryAgent
RLAgent1,344,0,3,0,snob,RL + AdversaryAgent
RLAgent1,359,0,3,0,snob,RL + AdversaryAgent
RLAgent1,374,0,3,0,snob,RL + AdversaryAgent
RLAgent1,373,1,2,0,retaliator,RL + AdversaryAgent
RLAgent1,372,1,2,0,retaliator,RL + AdversaryAgent
RLAgent1,371,1,2,0,retaliator,RL + AdversaryAgent
RLAgent1,370,1,2,0,retaliator,RL + AdversaryAgent
RLAgent1,369,1,2,0,retaliator,RL + AdversaryAgent
RLAgent1,378,0,3,0,cautious_trend,RL + AdversaryAgent
RLAgent1,387,0,3,0,cautious_trend,RL + AdversaryAgent
RLAgent1,396,0,3,0,cautious_trend,RL + AdversaryAgent
RLAgent1,405,0,3,0,cautious_trend,RL + AdversaryAgent
RLAgent1,414,0,3,0,cautious_trend,RL + AdversaryAgent
RLAgent1,429,0,3,0,adaptive_majority,RL + AdversaryAgent
RLAgent1,444,0,3,0,adaptive_majority,RL + AdversaryAgent
RLAgent1,459,0,3,0,adaptive_majority,RL + AdversaryAgent
RLAgent1,474,0,3,0,adaptive_majority,RL + AdversaryAgent
RLAgent1,489,0,3,0,adaptive_majority,RL + AdversaryAgent
RLAgent1,490,1,2,0,manipulator,RL + AdversaryAgent
RLAgent1,491,1,2,0,manipulator,RL + AdversaryAgent
RLAgent1,492,1,2,0,manipulator,RL + AdversaryAgent
RLAgent1,493,1,2,0,manipulator,RL + AdversaryAgent
RLAgent1,494,1,2,0,manipulator,RL + AdversaryAgent
RLAgent1,493,1,2,0,grim_trigger,RL + AdversaryAgent
RLAgent1,492,1,2,0,grim_trigger,RL + AdversaryAgent
RLAgent1,491,1,2,0,grim_trigger,RL + AdversaryAgent
RLAgent1,490,1,2,0,grim_trigger,RL + AdversaryAgent
RLAgent1,489,1,2,0,grim_trigger,RL + AdversaryAgent
RLAgent1,488,1,2,0,deceitful_grim,RL + AdversaryAgent
RLAgent1,487,1,2,0,deceitful_grim,RL + AdversaryAgent
RLAgent1,486,1,2,0,deceitful_grim,RL + AdversaryAgent
RLAgent1,485,1,2,0,deceitful_grim,RL + AdversaryAgent
RLAgent1,484,1,2,0,deceitful_grim,RL + AdversaryAgent
RLAgent1,483,1,2,0,generous_tit_for_tat,RL + AdversaryAgent
RLAgent1,490,1,2,0,generous_tit_for_tat,RL + AdversaryAgent
RLAgent1,489,1,2,0,generous_tit_for_tat,RL + AdversaryAgent
RLAgent1,488,1,2,0,generous_tit_for_tat,RL + AdversaryAgent
RLAgent1,497,0,3,0,generous_tit_for_tat,RL + AdversaryAgent
RLAgent1,496,1,2,0,cooperative_majority,RL + AdversaryAgent
RLAgent1,495,1,2,0,cooperative_majority,RL + AdversaryAgent
RLAgent1,494,1,2,0,cooperative_majority,RL + AdversaryAgent
RLAgent1,493,1,2,0,cooperative_majority,RL + AdversaryAgent
RLAgent1,492,1,2,0,cooperative_majority,RL + AdversaryAgent
RLAgent1,491,1,2,0,random_tit_for_tat,RL + AdversaryAgent
RLAgent1,506,0,3,0,random_tit_for_tat,RL + AdversaryAgent
RLAgent1,505,1,2,0,random_tit_for_tat,RL + AdversaryAgent
RLAgent1,504,1,2,0,random_tit_for_tat,RL + AdversaryAgent
RLAgent1,503,1,2,0,random_tit_for_tat,RL + AdversaryAgent
RLAgent1,502,1,2,0,win_stay_lose_shift,RL + AdversaryAgent
RLAgent1,501,1,2,0,win_stay_lose_shift,RL + AdversaryAgent
RLAgent1,500,1,2,0,win_stay_lose_shift,RL + AdversaryAgent
RLAgent1,499,1,2,0,win_stay_lose_shift,RL + AdversaryAgent
RLAgent1,498,1,2,0,win_stay_lose_shift,RL + AdversaryAgent
RLAgent1,505,1,2,0,prober,RL + AdversaryAgent
RLAgent1,512,1,2,0,prober,RL + AdversaryAgent
RLAgent1,519,1,2,0,prober,RL + AdversaryAgent
RLAgent1,526,1,2,0,prober,RL + AdversaryAgent
RLAgent1,533,1,2,0,prober,RL + AdversaryAgent
RLAgent1,532,1,2,0,revenge_seeker,RL + AdversaryAgent
RLAgent1,531,1,2,0,revenge_seeker,RL + AdversaryAgent
RLAgent1,530,1,2,0,revenge_seeker,RL + AdversaryAgent
RLAgent1,529,1,2,0,revenge_seeker,RL + AdversaryAgent
RLAgent1,528,1,2,0,revenge_seeker,RL + AdversaryAgent
RLAgent1,535,1,2,0,detective,RL + AdversaryAgent
RLAgent1,542,1,2,0,detective,RL + AdversaryAgent
RLAgent1,549,1,2,0,detective,RL + AdversaryAgent
RLAgent1,556,1,2,0,detective,RL + AdversaryAgent
RLAgent1,563,1,2,0,detective,RL + AdversaryAgent
RLAgent1,562,1,2,0,flexible_grudger,RL + AdversaryAgent
RLAgent1,561,1,2,0,flexible_grudger,RL + AdversaryAgent
RLAgent1,560,1,2,0,flexible_grudger,RL + AdversaryAgent
RLAgent1,559,1,2,0,flexible_grudger,RL + AdversaryAgent
RLAgent1,558,1,2,0,flexible_grudger,RL + AdversaryAgent
RLAgent1,557,1,2,0,cooperative_tft,RL + AdversaryAgent
RLAgent1,556,1,2,0,cooperative_tft,RL + AdversaryAgent
RLAgent1,555,1,2,0,cooperative_tft,RL + AdversaryAgent
RLAgent1,554,1,2,0,cooperative_tft,RL + AdversaryAgent
RLAgent1,553,1,2,0,cooperative_tft,RL + AdversaryAgent
RLAgent1,568,0,3,0,slow_tit_for_tat,RL + AdversaryAgent
RLAgent1,583,0,3,0,slow_tit_for_tat,RL + AdversaryAgent
RLAgent1,598,0,3,0,slow_tit_for_tat,RL + AdversaryAgent
RLAgent1,613,0,3,0,slow_tit_for_tat,RL + AdversaryAgent
RLAgent1,628,0,3,0,slow_tit_for_tat,RL + AdversaryAgent
RLAgent1,643,0,3,0,always_cooperate,RL + AdversaryAgent
RLAgent1,658,0,3,0,always_cooperate,RL + AdversaryAgent
RLAgent1,673,0,3,0,always_cooperate,RL + AdversaryAgent
RLAgent1,688,0,3,0,always_cooperate,RL + AdversaryAgent
RLAgent1,703,0,3,0,always_cooperate,RL + AdversaryAgent
RLAgent1,702,1,2,0,persistent_tft,RL + AdversaryAgent
RLAgent1,701,1,2,0,persistent_tft,RL + AdversaryAgent
RLAgent1,700,1,2,0,persistent_tft,RL + AdversaryAgent
RLAgent1,699,1,2,0,persistent_tft,RL + AdversaryAgent
RLAgent1,698,1,2,0,persistent_tft,RL + AdversaryAgent
RLAgent1,697,1,2,0,tit_for_tat,RL + AdversaryAgent
RLAgent1,696,1,2,0,tit_for_tat,RL + AdversaryAgent
RLAgent1,695,1,2,0,tit_for_tat,RL + AdversaryAgent
RLAgent1,694,1,2,0,tit_for_tat,RL + AdversaryAgent
RLAgent1,693,1,2,0,tit_for_tat,RL + AdversaryAgent
RLAgent1,686,1,2,0,harsh_majority,RL + AdversaryAgent
RLAgent1,679,1,2,0,harsh_majority,RL + AdversaryAgent
RLAgent1,672,1,2,0,harsh_majority,RL + AdversaryAgent
RLAgent1,665,1,2,0,harsh_majority,RL + AdversaryAgent
RLAgent1,658,1,2,0,harsh_majority,RL + AdversaryAgent
RLAgent1,657,1,2,0,nice_tft,RL + AdversaryAgent
RLAgent1,656,1,2,0,nice_tft,RL + AdversaryAgent
RLAgent1,655,1,2,0,nice_tft,RL + AdversaryAgent
RLAgent1,654,1,2,0,nice_tft,RL + AdversaryAgent
RLAgent1,653,1,2,0,nice_tft,RL + AdversaryAgent
